ProductId,ProductType,Name
1,magazine,Student of the Year
2,magazine,If Looks Could Kill
3,magazine,Erik the Viking
4,book,Il cappotto di legno
5,magazine,Septien
6,movie,Anniversary, The
7,game,North
8,movie,Gospa
9,laptop,Treeless Mountain
10,book,Pump Up the Volume
11,magazine,Main Event, The
12,game,Hellraiser: Hellseeker
13,book,Decoys 2: Alien Seduction 
14,movie,Tall Man, The
15,game,Toi et Moi
16,movie,The Killing Jar
17,game,Cassandra's Dream
18,movie,Life's a Breeze
19,game,Advantageous
20,charger,Phil Spector
21,book,Cobra
22,book,Kiki's Delivery Service
23,laptop,Do You Like Hitchcock? (Ti piace Hitchcock?)
24,magazine,Die Is Cast, The (La suerte está echada)
25,magazine,Berlin Calling
26,magazine,Best Men
27,book,Why Has Bodhi-Dharma Left for the East?: A Zen Fable (Dharmaga tongjoguro kan kkadalgun)
28,magazine,Clearing, The
29,movie,Casting By
30,book,My Brilliant Career
31,game,Orders to Kill
32,book,Out of the Fog
33,movie,Le créateur 
34,magazine,Adventures of a Dentist
35,book,Cold Fish (Tsumetai nettaigyo)
36,laptop,Tom at the Farm (Tom à la ferme)
37,movie,Day, The
38,magazine,Boogie-Doodle
39,game,Flowers of St. Francis (Francesco, giullare di Dio)
40,book,Much Ado About Nothing
41,book,Mitä meistä tuli
42,laptop,Scenes from a Mall
43,book,Girl from Jones Beach, The
44,laptop,Gallipoli
45,laptop,Can't Help Singing
46,game,This Ain't California
47,laptop,Hexed
48,book,Wild Angels, The
49,laptop,Child of Rage
50,laptop,The Big Shave
51,magazine,Drifting Clouds (Kauas pilvet karkaavat)
52,game,100 Men and a Girl (One Hundred Men and a Girl)
53,charger,And So It Is
54,movie,Westbound
55,movie,Passion of the Christ, The
56,movie,She Does Not Drink, Smoke or Flirt But... She Talks
57,laptop,Berserk: The Golden Age Arc 2 - The Battle for Doldrey
58,movie,Last Exorcism Part II, The
59,book,Fall of the Roman Empire, The
60,magazine,The Town that Dreaded Sundown
61,magazine,Man with No Shadow, The (Homme sans ombre, L')
62,game,Aileen: Life and Death of a Serial Killer
63,laptop,My One and Only
64,book,Iron Man 2
65,movie,To Rome with Love
66,game,Misadventures of Margaret, The
67,movie,Sharktopus vs. Pteracuda
68,game,Bring It On Again
69,charger,Chasing Ice
70,movie,Noriko's Dinner Table (Noriko no shokutaku)
71,game,Johnny 100 Pesos (Johnny cien pesos)
72,book,Double Vision (Shuang tong)
73,game,Three Brave Men
74,game,Sagebrush Trail
75,game,Who Can Kill a Child? (a.k.a. Island of the Damned) (¿Quién puede matar a un niño?)
76,game,Chasing Amy
77,charger,Cosmopolis
78,movie,Sherlock Holmes in Pearl of Death (Pearl of Death, The)
79,game,S. Darko (S. Darko: A Donnie Darko Tale)
80,movie,Sunset Strip
81,movie,Lake, A (Un lac)
82,book,Island President, The
83,charger,Nordkraft
84,laptop,Curse of the Werewolf, The
85,book,3:10 to Yuma
86,game,Laugh, Clown, Laugh
87,game,San Quentin
88,game,Casa de mi Padre
89,book,Captain EO
90,magazine,Wicker Park
91,game,Donnie Darko
92,game,Aakrosh
93,book,Boomerang
94,charger,Glass Bottom Boat, The
95,charger,Liar Liar
96,movie,Chronicle
97,book,It Should Happen to You
98,magazine,Scary Movie 3
99,movie,West of Zanzibar
100,laptop,Regarding Henry
101,magazine,Beyond a Reasonable Doubt
102,magazine,Summer Heights High
103,laptop,Heiress, The
104,magazine,Wadd: The Life & Times of John C. Holmes
105,movie,Goodbye Uncle Tom
106,laptop,Ponyo (Gake no ue no Ponyo)
107,movie,102 Minutes That Changed America
108,movie,Painting Sellers, The (Taulukauppiaat)
109,movie,French Roast
110,game,Café Lumière (Kôhî jikô)
111,game,Stay Alive
112,game,6 Souls (Shelter)
113,movie,Illuminata
114,book,Chastity Bites
115,book,Thunder Bay
116,laptop,Charlie Chan on Broadway
117,book,Murder in Greenwich
118,charger,The Sign of Four: Sherlock Holmes' Greatest Case
119,laptop,King of California
120,laptop,Death Race 3: Inferno
121,charger,Old School
122,book,Green Street Hooligans 2
123,laptop,Cloud 9
124,charger,This Could Be The Night
125,game,Beauty and the Beast: The Enchanted Christmas
126,book,Late Phases
127,charger,Lifeguard, The
128,magazine,Girls Can't Swim (Filles ne savent pas nager, Les)
129,movie,Last Godfather, The
130,book,Stepmom
131,movie,Perfect Score, The
132,charger,Cape No. 7 (Hái-kak chhit-ho)
133,game,Paperman
134,laptop,Dead Within
135,laptop,Murder à la Mod
136,laptop,Chained for Life
137,movie,Permanent Midnight
138,movie,Million to Juan, A
139,charger,L: Change the World
140,laptop,Winter in Wartime
141,magazine,Bank, The
142,magazine,Wild Gals Of The Naked West
143,charger,Digging Up the Marrow
144,game,Sunlight Jr.
145,laptop,Particle Fever
146,book,External Affairs
147,book,Repentance (Monanieba)
148,movie,Pride of the Yankees, The
149,game,Dirty Pictures
150,book,Beau Pere (a.k.a. Stepfather) (Beau-père)
151,movie,Laffghanistan: Comedy Down Range
152,charger,Addams Family, The
153,laptop,Tunnel, The (Tunnel, Der)
154,movie,Hurt Locker, The
155,charger,10.5: Apocalypse
156,game,Rambo III
157,magazine,Mystery on Monster Island
158,movie,Hotel Pacific (Zaklete rewiry)
159,laptop,Places in the Heart
160,book,Last Summer in the Hamptons
161,book,Wilby Conspiracy, The
162,movie,Underworld
163,charger,Invasion of the Body Snatchers
164,book,Bachelor Party, The
165,movie,Policeman (Ha-shoter)
166,magazine,Dancers
167,magazine,Magical Mystery Tour
168,book,Chasing Papi (a.k.a. Papi Chulo)
169,movie,Report on the Party and the Guests, A (O slavnosti a hostech)
170,movie,Dane Cook: Vicious Circle
171,game,Night Ambush (Ill Met by Moonlight)
172,movie,Three Fugitives
173,laptop,Night at the Roxbury, A
174,charger,Buffalo Soldiers
175,book,Judge and the Assassin, The (Juge et l'assassin, Le)
176,magazine,Glenn Miller Story, The
177,laptop,Film Unfinished, A (Shtikat Haarchion)
178,laptop,Gladiator
179,charger,Mozart and the Whale
180,game,Education for Death
181,movie,Paris, I Love You (Paris, je t'aime)
182,charger,National Lampoon's Van Wilder: The Rise of Taj
183,laptop,Little Trip to Heaven, A
184,charger,Casanova
185,magazine,Without Love
186,book,Elementary Particles, The (Elementarteilchen)
187,movie,Golden Boy
188,book,Mr. Death: The Rise and Fall of Fred A. Leuchter, Jr.
189,laptop,Planet B-Boy
190,magazine,Charm's Incidents (Charms Zwischenfälle)
191,game,White Diamond, The
192,charger,Black Knight
193,magazine,Secrets of a Soul (Geheimnisse einer Seele)
194,movie,Tender Mercies
195,movie,G.I. Joe: A Real American Hero (G.I. Joe: The MASS Device)
196,movie,Africa: Texas Style
197,charger,Rear Window
198,game,Black Tar Heroin: The Dark End of the Street
199,movie,Aglaya
200,magazine,Harriet the Spy
201,game,Crocodile Dundee
202,laptop,Mysterious Object at Noon (Dokfa nai meuman)
203,book,Remember Me (Ricordati di me)
204,charger,Wolves
205,book,Eyes Wide Open (Einayim Petukhoth)
206,charger,Inferno
207,game,Suburbia
208,movie,Eccentricities of a Blonde-haired Girl (Singularidades de uma Rapariga Loura)
209,book,Repo Man
210,book,I Saw Mommy Kissing Santa Claus
211,laptop,Speedy
212,game,Whity
213,magazine,Red and the White, The (Csillagosok, katonák)
214,book,Big Clock, The
215,magazine,Things Behind the Sun
216,game,Magician, The (Ansiktet)
217,movie,Hired Hand, The
218,laptop,Will Success Spoil Rock Hunter?
219,book,Trans-Europ-Express
220,movie,Murk (Mørke)
221,book,Tron: Legacy
222,book,Second Civil War, The
223,book,Stand Up Guys
224,game,Beast with a Million Eyes, The
225,magazine,Stray Dogs
226,magazine,Ticking Clock
227,book,Strange Color Of Your Body's Tears, The (L'étrange couleur des larmes de ton corps)
228,movie,Badge, The
229,game,Loser
230,laptop,Harmful Insect (Gaichu)
231,charger,Assisted Living
232,magazine,Two: The Story of Roman & Nyro
233,book,Godzilla, Mothra, and King Ghidorah: Giant Monsters All-Out Attack (Gojira, Mosura, Kingu Gidorâ: Daikaijû sôkôgeki) (Godzilla, Mothra and King Ghidorah: Giant Monsters All-Out Attack)
234,laptop,Incredible Rocky Mountain Race
235,laptop,Satan's Little Helper
236,game,Robot Jox
237,movie,On My Way (Elle s'en va)
238,magazine,Talk to Me
239,game,Bloody Pit of Horror (Il boia scarlatto) (Virgins for the Hangman)
240,magazine,Apart from You (After Our Separation) (Kimi to wakarete)
241,movie,Madonna: Truth or Dare
242,game,Road House
243,magazine,Love Ghost (Shibito no koiwazura)
244,laptop,Je, tu, il, elle (I, You, He, She)
245,magazine,Maniac
246,laptop,Ugly, The
247,magazine,Much Ado About Nothing
248,book,All the Young Men
249,laptop,Invaders from Mars
250,book,Red Tent, The (Krasnaya palatka)
251,magazine,Hound of the Baskervilles, The
252,book,Dolemite
253,laptop,Santa Claus Has Blue Eyes (Le père Noël a les yeux bleus)
254,magazine,Twentynine Palms
255,charger,The Story of Alexander Graham Bell
256,magazine,Sissi: The Young Empress (Sissi - Die Junge Kaiserin)
257,magazine,Cool World
258,movie,Prelude to a Kiss
259,movie,Tales from the Crypt Presents: Demon Knight
260,laptop,Poker House, The
261,magazine,Pepi, Luci, Bom (Pepi, Luci, Bom y Otras Chicas del Montón)
262,book,Happy Campers
263,game,Doc of the Dead
264,magazine,The New Babylon
265,charger,Jury Duty
266,charger,Kismet
267,movie,I Knew It Was You: Rediscovering John Cazale
268,laptop,Boy and the Pirates, The
269,game,Tale of Sweeney Todd, The
270,movie,Enter the Phoenix (Da lao ai mei li)
271,movie,Empire State
272,magazine,Our Music (Notre musique)
273,magazine,Pippi in the South Seas (Pippi Långstrump på de sju haven)
274,laptop,How to Be a Man
275,magazine,Act Da Fool
276,game,Dust Devil
277,charger,Tiger Brigades, The (Les brigades du Tigre)
278,magazine,Garlic Is As Good As Ten Mothers
279,laptop,Saw VII 3D - The Final Chapter
280,game,Everybody Wants to Be Italian
281,game,Superman vs. The Elite
282,charger,Evil Toons
283,movie,Satan's Sword 3: The Final Chapter (Daibosatsu toge: Kanketsu-hen)
284,laptop,Alive
285,laptop,Cut and Run (Inferno in diretta)
286,book,Behaving Badly
287,movie,Alice's Restaurant
288,game,Dracula
289,laptop,Machine That Kills Bad People, The (La Macchina Ammazzacattivi)
290,charger,Monster
291,laptop,Star Wars: Episode III - Revenge of the Sith
292,charger,Offender
293,charger,Small Apartments
294,game,Camino
295,game,America 3000
296,game,Village People
297,movie,The Things of Life
298,magazine,Galaxy Quest
299,charger,Foodfight!
300,game,Pajama Game, The
301,book,Izo
302,movie,The Substitute 4: Failure Is Not an Option
303,charger,Such Is Life (Así es la vida...)
304,charger,Clifford
305,laptop,Puppet Master III: Toulon's Revenge
306,book,Babymakers, The
307,magazine,Half a Loaf of Kung Fu (Dian zhi gong fu gan chian chan)
308,book,Investigating Sex (a.k.a. Intimate Affairs)
309,game,Perfume
310,charger,Vuonna 85
311,laptop,Next Stop Wonderland
312,movie,Walter
313,charger,Panic in Year Zero!
314,magazine,Afterburn
315,magazine,Celeste and Jesse Forever (Celeste & Jesse Forever)
316,charger,Boy
317,magazine,12 Dogs of Christmas, The
318,game,Vincent
319,book,Lupin III: The Castle Of Cagliostro (Rupan sansei: Kariosutoro no shiro)
320,charger,Professor Layton and the Eternal Diva (Eiga Reiton-kyôju to eien no utahime)
321,game,Stander
322,book,Play
323,book,Harry and Walter Go to New York
324,charger,Centre Stage: Turn It Up
325,movie,Whatever Happened to Aunt Alice?
326,magazine,Good News
327,magazine,Chicken with Plums (Poulet aux prunes)
328,charger,Blonde Ice
329,book,Sergeant Körmy and the Underwater Vehicles (Vääpeli Körmy ja vetenalaiset vehkeet)
330,charger,Halfmoon (Paul Bowles - Halbmond)
331,book,Prince Valiant
332,book,Northern Lights
333,movie,Jack and the Cuckoo-Clock Heart (Jack et la mécanique du coeur)
334,game,Sleeping Car Murder, The (Compartiment tueurs)
335,game,If I Want to Whistle, I Whistle (Eu cand vreau sa fluier, fluier)
336,magazine,Incredible Shrinking Man, The
337,laptop,Beyond a Reasonable Doubt
338,charger,All About Steve
339,laptop,Peggy Sue Got Married
340,movie,Four Sided Triangle
341,book,Something Wild
342,movie,Penelope
343,movie,Favela Rising
344,charger,Investigation of a Citizen Above Suspicion (Indagine su un cittadino al di sopra di ogni sospetto)
345,game,Evil - In the Time of Heroes (To kako - Stin epohi ton iroon)
346,laptop,Get Educated: Paathshaala
347,book,Life's a Breeze
348,movie,Brother (Hermano)
349,game,Where Is the Friend's Home? (Where Is My Friend's House?) (Khane-ye doust kodjast?)
350,book,Men with Brooms
351,movie,Series 7: The Contenders
352,book,French Roast
353,movie,Unforgettable Summer, An (Un été inoubliable)
354,charger,Me Myself I
355,laptop,Good Advice
356,charger,Snow Walker, The
357,charger,Russian Dolls (Les poupées russes)
358,laptop,Tyler Perry's Madea's Family Reunion
359,movie,Feast at Midnight, A
360,charger,Fail Safe
361,magazine,Prom Night
362,laptop,Five Pennies, The
363,charger,Volver
364,charger,Paan Singh Tomar
365,laptop,Hollywood and The Pentagon: A Dangerous Liaison
366,magazine,Women in Love
367,laptop,Everything Put Together
368,book,Bonnie Scotland (Heroes of the Regiment)
369,movie,Home of Our Own, A
370,charger,Muck
371,book,Slim Carter
372,magazine,Julian Po
373,book,Man Next Door, The (El hombre de al lado)
374,magazine,Mo' Better Blues
375,charger,D.E.B.S.
376,magazine,Irresistible
377,magazine,City Zero
378,movie,How to Make Money Selling Drugs
379,laptop,Chronicle
380,laptop,Death In Love
381,movie,Incubus
382,movie,Best Man, The
383,magazine,Odds Against Tomorrow
384,magazine,Freedomfighters (Libertarias)
385,movie,Tribulation
386,charger,Moordwijven
387,book,Evilenko
388,magazine,Flight of the Intruder
389,laptop,Reykjavik Whale Watching Massacre
390,game,Only Yesterday (Omohide poro poro)
391,laptop,Everyday Sunshine:  The Story of Fishbone
392,magazine,Horseman, The
393,laptop,Speedy
394,movie,Playing It Cool
395,charger,Mom's Night Out
396,laptop,Swades: We, the People (Our Country)
397,game,Ping Pong Summer
398,magazine,Alice's Restaurant
399,magazine,And You Thought Your Parents Were Weird
400,game,Unfinished Business
401,laptop,Maid of Salem
402,magazine,Cut-Throats Nine (Condenados a vivir)
403,game,Halfmoon (Paul Bowles - Halbmond)
404,magazine,Far and Away
405,movie,Phantasm
406,charger,First Kid
407,movie,New Age, The
408,charger,1000 Journals
409,magazine,Not Love, Just Frenzy (Más que amor, frenesí)
410,movie,Gold Raiders
411,game,Room Service
412,movie,Sarah Silverman:  We Are Miracles
413,magazine,Possession, The
414,magazine,Dacii
415,book,Purely Belter
416,laptop,Dollman
417,charger,Harvey Girls, The
418,magazine,Mostly Unfabulous Social Life of Ethan Green, The
419,movie,Solino
420,game,Fever Pitch
421,magazine,Pornographer, The (Le pornographe)
422,magazine,Lower Depths, The (Les bas-fonds)
423,charger,Battlestar Galactica: Blood & Chrome
424,book,Nightcrawler
425,book,Man in the Chair
426,magazine,47 Samurai (Chûshingura) (Loyal 47 Ronin, The)
427,magazine,Tribute to a Bad Man
428,charger,AVP: Alien vs. Predator
429,game,The Invitation
430,book,Badlanders, The
431,movie,Pictures of the Old World (Obrazy starého sveta)
432,laptop,Nines, The
433,laptop,Dragon Ball: The Curse Of The Blood Rubies (Doragon bôru: Shenron no densetsu)
434,movie,Housekeeping
435,game,American Teen
436,book,Six Pack
437,movie,Gruffalo, The
438,movie,Rebel, The (Le Rebelle)
439,charger,My Letter to George (Mesmerized)
440,game,The Blood of Fu Manchu
441,magazine,Grand Prix
442,book,Touch of Evil
443,laptop,Little Nicholas (Le petit Nicolas)
444,movie,Angela's Ashes
445,game,Deep Water
446,book,Hancock
447,book,Alpha Dog
448,movie,Hippie Masala - Forever in India
449,charger,Peepli Live
450,laptop,Rudolph the Red-Nosed Reindeer: The Movie
451,charger,Fourth State, The (Die vierte Macht)
452,game,Dragon Tiger Gate (Lung fu moon)
453,laptop,Azur & Asmar (Azur et Asmar)
454,book,Blind Swordsman: Zatoichi, The (Zatôichi)
455,movie,Patrick
456,magazine,Destroy All Monsters (Kaijû sôshingeki)
457,game,Aaron Loves Angela
458,laptop,Voyage to the Prehistoric Planet
459,book,Slender Thread, The
460,book,Bridge, The (Most)
461,book,StreetDance 3D
462,charger,Left Behind: World at War
463,game,Book Thief, The
464,movie,Dog of Flanders, A
465,charger,Adventures of Mary-Kate and Ashley, The: The Case of the United States Navy Adventure
466,book,Seven Year Itch, The
467,magazine,Where the Money Is
468,charger,Little Buddha
469,book,Dil Se
470,magazine,Fantasticks, The
471,magazine,Osterman Weekend, The
472,book,Stardust
473,game,The New Girlfriend
474,charger,Dinner Guest, The (L'invité)
475,charger,Criminal Lovers
476,book,Rich, Young and Pretty
477,book,My Life in Orange (Sommer in Orange)
478,magazine,Bellboy, The
479,charger,Rejs
480,magazine,Wilby Conspiracy, The
481,magazine,Where Were You When the Lights Went Out?
482,movie,First Nudie Musical, The
483,charger,Gasland Part II
484,movie,Entre nos (Between Us)
485,movie,Flight from Death: The Quest for Immortality
486,book,Mean Creek
487,movie,Lakota Woman: Siege at Wounded Knee
488,laptop,Whisper
489,charger,Blue Gardenia, The
490,charger,Night of the Comet
491,movie,Sex and Lucia (Lucía y el sexo)
492,magazine,Immigrant, The
493,charger,Scarlet Dove, The (Tulipunainen kyyhkynen)
494,book,Bad Luck Love
495,magazine,Sharpe's Gold
496,game,Welcome Back, Mr. McDonald (Rajio no jikan)
497,game,Sällskapsresan II - Snowroller
498,game,A Kind of America 2
499,magazine,Get Over It
500,charger,Snug as a Bug (U Pana Boga za piecem)
501,movie,1776
502,book,X-Files: I Want to Believe, The
503,magazine,Final Cut, The
504,laptop,Crying Game, The
505,charger,Quiet American, The
506,magazine,Escape Artist, The
507,game,Kleines Arschloch - Der Film
508,game,In the Beginning (À l'Origine)
509,magazine,47 Ronin
510,charger,Redirected
511,book,Saturday Night
512,movie,Road to Guantanamo, The
513,book,2009: Lost Memories
514,game,Pumping Iron II: The Women
515,magazine,Big Momma's House 2
516,magazine,Mary, Queen of Scots
517,book,Flipped
518,charger,Thing Called Love, The
519,movie,Fortress
520,charger,Link
521,magazine,Tenchi: The Samurai Astronomer
522,laptop,Michael Jackson's This Is It
523,movie,Turning Tide (En solitaire)
524,magazine,Shot at Glory, A
525,charger,Member of the Wedding, The
526,magazine,Game 6
527,book,Return, The (Vozvrashcheniye)
528,magazine,Red Planet
529,movie,Imaginary Crimes
530,charger,I aionia epistrofi tou Antoni Paraskeva
531,magazine,Teacher, A
532,magazine,Zombie Honeymoon
533,charger,Revolution #9
534,game,Klip (Clip)
535,game,Bread, Love and Dreams (Pane, amore e fantasia)
536,magazine,Batman: Mask of the Phantasm
537,book,Story of Vernon and Irene Castle, The
538,charger,Palmetto
539,book,Satan Met a Lady
540,laptop,Jazz Singer, The
541,charger,Mission to Mars
542,magazine,Chapter 27
543,book,Art of Travel, The
544,charger,Throw Momma from the Train
545,charger,Flight of the Living Dead
546,charger,Mysterious Object at Noon (Dokfa nai meuman)
547,charger,Witchboard
548,book,Town is Quiet, The (Ville est tranquille, La)
549,movie,Silent Night, Deadly Night 5: The Toy Maker
550,book,Son of God
551,magazine,Better Place, A
552,laptop,Star Packer, The
553,charger,Not Cool
554,charger,Phone (Pon)
555,magazine,Sleep with Me
556,laptop,Warped Ones, The (Kyonetsu no kisetsu)
557,laptop,Flowers of Shanghai (Hai shang hua)
558,book,Hand That Rocks the Cradle, The
559,laptop,Who Can Kill a Child? (a.k.a. Island of the Damned) (¿Quién puede matar a un niño?)
560,game,Johnny Mnemonic
561,magazine,Watch, The
562,movie,Bomb the System
563,game,Brave Little Toaster, The
564,laptop,French Twist (Gazon maudit)
565,laptop,Nathalie...
566,movie,Little Giants
567,movie,Fairly Odd Christmas, A
568,charger,All-Star Superman
569,charger,Miguel and William (Miguel y William)
570,laptop,El chocolate del loro
571,movie,No End in Sight
572,game,Alpha Dog
573,game,Sex and the Single Girl
574,magazine,Underworld U.S.A.
575,book,Ghost Breakers, The
576,laptop,Thomasine & Bushrod
577,charger,Matter of Taste, A (Affaire de Goût, Une)
578,magazine,Hellzapoppin'
579,game,Thing About My Folks, The
580,movie,Seven Billiard Tables (Siete mesas de billar francés)
581,book,Stormheart
582,book,Operation Pacific
583,movie,Twin Falls Idaho
584,magazine,The Gentleman from Epsom
585,book,Barnyard: The Original Party Animals
586,book,Shame
587,magazine,Revenge
588,magazine,Catwalk
589,magazine,Bathory
590,movie,Atlantic City
591,movie,Day of the Animals
592,movie,Filming 'Othello'
593,magazine,Return from Witch Mountain
594,game,Bolt
595,charger,Fausto
596,game,Deja Vu
597,charger,Prophecy 3: The Ascent, The
598,movie,New in Town
599,magazine,Coluche, l'histoire d'un mec
600,book,Things to Do in Denver When You're Dead
601,magazine,Teen Spirit
602,charger,Five Graves to Cairo
603,game,Dr. Jack
604,magazine,Bedazzled
605,magazine,Rurouni Kenshin (Rurôni Kenshin: Meiji kenkaku roman tan)
606,movie,Time and Tide (Seunlau Ngaklau)
607,laptop,Single Girl, A (Fille seule, La)
608,magazine,Leningrad Cowboys Meet Moses
609,movie,Wrath of God, The
610,game,Waiting Room (Bekleme odasi)
611,game,Operation Petticoat
612,game,Billy Blazes, Esq.
613,charger,Maria, ihm schmeckt's nicht! (Maria, He Doesn't Like It)
614,game,When Trumpets Fade
615,laptop,Witching and Bitching (Brujas de Zugarramurdi, Las)
616,laptop,Same Same But Different
617,charger,Adventureland
618,magazine,Secrets of Eden
619,game,Traviata, La
620,game,Kidnapped For Christ
621,magazine,Dragon Inn (Sun lung moon hak chan)
622,charger,Santa's Pocket Watch
623,laptop,Last Year at Marienbad (L'Année dernière à Marienbad)
624,charger,End of America, The
625,game,Informers, The
626,charger,Playground
627,magazine,Liberal Arts
628,book,Extraterrestrial (Extraterrestre)
629,charger,Bleak Moments
630,book,Paraíso Travel
631,magazine,From Dusk Till Dawn
632,magazine,Simply Irresistible
633,book,Blues Brothers, The
634,movie,What Is It?
635,magazine,As I Lay Dying
636,movie,1990: The Bronx Warriors (1990: I guerrieri del Bronx)
637,game,Sword and the Dragon, The (Ilya Muromets)
638,laptop,Guy
639,magazine,Vanishing, The
640,game,Who Framed Roger Rabbit?
641,book,Lancelot of the Lake (Lancelot du Lac)
642,charger,Elizabeth
643,charger,Outlaw of Gor
644,book,Lust for Gold (Duhul aurului)
645,magazine,Neon Genesis Evangelion: The End of Evangelion (Shin seiki Evangelion Gekijô-ban: Air/Magokoro wo, kimi ni)
646,book,Ghost Machine
647,charger,Miss Meadows
648,charger,Open Season 3
649,movie,Offspring 
650,game,East, West, East: The Final Sprint
651,magazine,Reckoning, The
652,movie,Late Bloomers
653,book,Six Days Seven Nights
654,magazine,Kisses
655,book,Brightness (Yeelen)
656,game,I Am Jesus
657,book,Gigi
658,laptop,Goodbye, Mr. Chips
659,magazine,Harry and Walter Go to New York
660,laptop,Diary of a Mad Housewife
661,game,Rhinestone
662,charger,À l'aventure
663,magazine,The Face of Love
664,movie,Stuff and Dough (Marfa si banii)
665,book,Meshes of the Afternoon
666,magazine,Harmagedon
667,game,Man-Thing
668,charger,Valley Of Flowers
669,book,Rails & Ties
670,movie,Hero Wanted
671,game,Dog Day Afternoon
672,book,Korso
673,book,Legend of Lizzie Borden, The
674,game,Floating Clouds  (Ukigumo)
675,laptop,Dinner with Friends
676,laptop,Mod Squad, The
677,game,How to Eat Your Watermelon in White Company (and Enjoy It)
678,game,Regular Lovers (Amants réguliers, Les)
679,laptop,Yes, But... (Oui, mais...)
680,book,Alice's Restaurant
681,game,Collector, The (Komornik)
682,charger,Exit to Hell
683,game,Batman: The Dark Knight Returns, Part 1
684,laptop,Cake
685,laptop,Highway 
686,charger,ReGeneration
687,movie,Giant Mechanical Man, The
688,magazine,One Nine Nine Four
689,book,Quest for Camelot
690,game,Screwed in Tallinn (Torsk på Tallinn - En liten film om ensamhet)
691,laptop,Evilenko
692,charger,Royal Flash
693,game,The Wonders
694,laptop,Deep Sea 3D
695,charger,Hammer, The
696,charger,Krippendorf's Tribe
697,book,Into the Sun
698,movie,ATF 
699,charger,Garden of Eden, The
700,laptop,The Captains
701,game,Play it to the Bone
702,movie,Rudy
703,magazine,Dennis the Menace Christmas, A
704,laptop,Interrupted Melody
705,book,Apollo Zero
706,laptop,Prom Night III: The Last Kiss
707,game,Sin Nombre
708,magazine,Nature of the Beast, The
709,movie,Snipes
710,laptop,Meet the Feebles
711,movie,Comet in Moominland
712,laptop,When Dinosaurs Ruled the Earth
713,charger,Isle, The (Seom)
714,book,Fiddle-de-dee
715,magazine,Lucky Star
716,magazine,Horse Whisperer, The
717,charger,Theodore Rex
718,charger,Dodes'ka-den (Clickety-Clack)
719,charger,Under the Rainbow
720,laptop,Sweetest Thing, The
721,magazine,Blood of Dracula
722,book,Age of Tomorrow
723,charger,Misérables, Les
724,charger,Score, The
725,magazine,Unlikely Weapon, An
726,magazine,Crooklyn
727,magazine,Beyond the Law (Lain ulkopuolella)
728,book,Hamiltons, The
729,book,Steel Dawn
730,game,The Disappearance of Eleanor Rigby: Her
731,movie,Digging Up the Marrow
732,laptop,Farah Goes Bang
733,game,Angels Sing
734,laptop,Chicago Massacre: Richard Speck
735,charger,Hollywoodland
736,magazine,Hellgate
737,game,Man from Elysian Fields, The
738,movie,Big Sleep, The
739,movie,Still Life
740,magazine,Metalhead (Málmhaus)
741,magazine,Last of the High Kings, The (a.k.a. Summer Fling)
742,charger,Wog Boy, The
743,movie,Adrenaline Drive (Adorenarin doraibu)
744,laptop,Act Da Fool
745,magazine,House of Exorcism, The (a.k.a. Lisa and the Devil) (Casa dell'esorcismo, La)
746,magazine,Decade Under the Influence, A
747,book,Karate Kid, Part II, The
748,laptop,Battle Creek Brawl (Big Brawl, The)
749,magazine,Ghoulies II
750,movie,There Will Be Blood
751,laptop,Dhobi Ghat
752,game,Perez.
753,laptop,Surviving the Game
754,movie,Student Bodies
755,book,Faces of Schlock
756,book,Windmill Movie, The
757,charger,Snug as a Bug (U Pana Boga za piecem)
758,movie,Hart of London, The
759,charger,I Melt with You
760,movie,7 Dollars on the Red (Sette dollari sul rosso)
761,charger,Philomena
762,movie,Primrose Path
763,movie,Girl Most Likely
764,charger,Parisienne, La (Une parisienne)
765,movie,Loss of Sexual Innocence, The
766,book,Proposition, The
767,movie,Three Musketeers, The
768,charger,Whole Town's Talking, The (Passport to Fame)
769,magazine,Pride of the Bowery
770,game,Violet & Daisy
771,movie,Red Canyon
772,magazine,French Fried Vacation (Les Bronzés)
773,game,Escapist, The
774,movie,One Mile Away
775,game,Doogal
776,laptop,R.S.V.P. 
777,game,Applause
778,book,Aimée & Jaguar
779,movie,Girl Crazy
780,laptop,Unholy Wife, The
781,book,Colonel Redl (Oberst Redl)
782,magazine,Polite People (Kurteist fólk)
783,movie,Bolero (Uns et les autres, Les)
784,book,Iron Eagle II
785,magazine,Bourne Identity, The
786,laptop,Lovers of the Arctic Circle, The (Los Amantes del Círculo Polar)
787,movie,Coming Down the Mountain
788,charger,Clear History
789,charger,Asterix and the Gauls (Astérix le Gaulois)
790,laptop,Miss Sadie Thompson
791,laptop,Dreamcatcher
792,charger,Blow Job
793,charger,Forever Hardcore: The Documentary
794,game,Sisters
795,game,Something the Lord Made
796,movie,Let's Make Love
797,movie,President's Last Bang, The (Geuddae geusaramdeul)
798,game,Eden
799,charger,Last of Sheila, The
800,magazine,Assault on Wall Street 
801,charger,Executioner, The
802,game,Cropsey
803,book,Molly Maguires, The
804,game,Above Suspicion
805,charger,Wedding Gift, The
806,game,Sunshine
807,game,Mare Nostrum
808,game,The House on 56th Street
809,movie,The Kiss
810,game,Trouble the Water
811,movie,Blue Chips
812,charger,Cheap Detective, The
813,book,Charley Varrick
814,book,One, The
815,magazine,Lost Horizon
816,book,When a Woman Ascends the Stairs (Onna ga kaidan wo agaru toki)
817,magazine,Crips and Bloods: Made in America
818,movie,Charlie Chan in The Chinese Cat
819,charger,Nico Icon
820,charger,Werner - Gekotzt wird später
821,laptop,Take the Money and Run
822,laptop,Violent Men, The
823,charger,Ride Beyond Vengeance
824,magazine,One-Way Ticket to Mombasa (Menolippu Mombasaan)
825,magazine,Honeymoon
826,laptop,Vera Drake
827,charger,Angie
828,game,Shadow of Angels (Schatten der Engel)
829,charger,Dreamers, The
830,charger,Rising Place, The
831,game,All Passion Spent
832,magazine,Pure Luck
833,magazine,Two-Minute Warning
834,magazine,I Really Hate My Job
835,movie,Bedazzled
836,game,Lady in the Water
837,magazine,Ride Beyond Vengeance
838,charger,Easy Virtue
839,laptop,Photographing Fairies
840,charger,Fortress
841,magazine,Lovers and Lollipops
842,laptop,Diamond Arm, The (Brilliantovaya ruka)
843,movie,Counterfeiters, The (Le cave se rebiffe)
844,game,Next of Kin
845,book,Legend of Lobo, The
846,magazine,Hamlet
847,movie,Sauna
848,magazine,Wind Journeys, The (Viajes del viento, Los)
849,movie,Die Frau des Frisörs
850,movie,Coco Before Chanel (Coco avant Chanel)
851,laptop,Mechanic, The
852,magazine,Church, The (Chiesa, La)
853,book,R100
854,game,Broken Flowers
855,movie,Naked Gun 33 1/3: The Final Insult
856,book,Thieves (Voleurs, Les)
857,book,Dawn Patrol, The
858,charger,Blackadder's Christmas Carol
859,game,Dead Awake
860,charger,Pretty Village, Pretty Flame (Lepa sela lepo gore)
861,book,Silencers, The
862,magazine,Zidane: A 21st Century Portrait (Zidane, un portrait du 21e siècle)
863,charger,Blindness
864,magazine,Deceivers, The
865,game,OH in Ohio, The
866,magazine,Place of One's Own, A
867,laptop,Tough Enough (Knallhart)
868,book,Real Life
869,laptop,Lost Skeleton Returns Again, The
870,laptop,Outlaw of Gor
871,charger,Apartment 4E 
872,movie,Yi Yi
873,movie,Dance with the Devil (Perdita Durango)
874,laptop,Uptown Saturday Night
875,movie,Killing Us Softly 3
876,laptop,24 Hour Party People
877,magazine,Prince of Tides, The
878,game,Cry Baby Lane
879,game,Ballroom, The (Chega de Saudade)
880,movie,Jack Frost 2: Revenge of the Mutant Killer Snowman
881,laptop,Charlie Chan at the Wax Museum
882,movie,Parallel Sons
883,laptop,Inside the Twin Towers
884,movie,Zatoichi Meets Yojimbo (Zatôichi to Yôjinbô) (Zatôichi 20)
885,charger,Blue Angel, The
886,charger,Run Ronnie Run
887,game,Bambi Meets Godzilla
888,charger,The (Dead Mothers) Club
889,movie,Strange Magic
890,charger,Casshern
891,magazine,Suburban Commando
892,movie,The Identical
893,game,Summer with Monika (Sommaren med Monika)
894,laptop,Dragon Ball: The Curse Of The Blood Rubies (Doragon bôru: Shenron no densetsu)
895,movie,Pyramid, The
896,laptop,Extra Man, The
897,game,Showdown in Little Tokyo
898,movie,Never Again
899,game,Phantom of Liberty, The (Fantôme de la liberté, Le)
900,charger,Loving Leah
901,game,Nordkraft
902,game,Merlin's Apprentice
903,charger,Somebody Up There Likes Me
904,movie,Bounty Hunters (Bail Enforcers)
905,movie,Burden of Dreams
906,book,Cencoroll
907,movie,From Justin to Kelly
908,laptop,Gomorrah (Gomorra)
909,book,My Childhood
910,laptop,Tale of Tales (Skazka skazok)
911,magazine,Curiosity of Chance, The
912,book,Nothing's All Bad
913,movie,Carry On, Constable
914,game,They Call Me Mister Tibbs!
915,magazine,Where the Red Fern Grows
916,charger,Karlsson Brothers (Bröderna Karlsson)
917,charger,Battle of Los Angeles
918,movie,Haunting at Silver Falls, A
919,laptop,Olsen Gang on the Track, The (Olsen-banden på sporet)
920,game,Brides (Nyfes)
921,movie,Mars Attacks!
922,laptop,Dr. Strangelove or: How I Learned to Stop Worrying and Love the Bomb
923,magazine,London Boulevard
924,laptop,Soldier of Orange (a.k.a. Survival Run) (Soldaat van Oranje)
925,game,Bride of Frankenstein, The (Bride of Frankenstein)
926,charger,Smurfs 2, The
927,game,Keep, The
928,game,Mod Squad, The
929,movie,Amazing Journey: The Story of The Who
930,movie,Métamorphose des cloportes, La
931,magazine,Foosball (Metegol)
932,book,Hangman's House
933,magazine,City Zero
934,laptop,Trek Nation
935,movie,The Pirates
936,laptop,Week-End at the Waldorf
937,magazine,Bickford Shmeckler's Cool Ideas
938,magazine,Tales from the Hood
939,charger,Fawlty Towers (1975-1979)
940,book,Star Trek V: The Final Frontier
941,movie,Take Me Home
942,charger,Lost Boys: The Tribe
943,magazine,Love and Bullets
944,book,Lego: The Adventures of Clutch Powers
945,laptop,Lair of the White Worm, The
946,movie,Manufactured Landscapes
947,book,To Kill with Intrigue (Jian hua yan yu Jiang Nan)
948,book,Prime Suspect: The Lost Child
949,movie,One Tough Cop
950,magazine,Private Lives of Elizabeth and Essex, The
951,movie,Little Thief, The (La petite voleuse)
952,laptop,More American Graffiti
953,magazine,Dark Crystal, The
954,charger,Life of Emile Zola, The
955,laptop,Made of Honor
956,laptop,Last Wedding, The (Kivenpyörittäjän kylä)
957,charger,Happiness
958,movie,Luck, Trust & Ketchup: Robert Altman in Carver Country
959,laptop,Ladies of Leisure
960,magazine,Prophet, the Gold and the Transylvanians, The (Profetul, aurul si Ardelenii)
961,book,Proprietor, The
962,magazine,Tristan & Isolde
963,movie,Dark Alibi
964,magazine,Without a Clue
965,magazine,Boat Trip
966,movie,Wind That Shakes the Barley, The
967,movie,I aionia epistrofi tou Antoni Paraskeva
968,book,Unfair Competition (Concorrenza sleale)
969,charger,My Flesh My Blood (Moja krew)
970,charger,Baader Meinhof Komplex, Der
971,charger,Jeff, Who Lives at Home
972,laptop,At Any Price
973,book,Ender's Game
974,book,Conspiracy, The
975,movie,Flower & Garnet
976,movie,Everything I Can See From Here
977,game,Beast, The
978,movie,Stanley and Livingstone
979,magazine,Nothing in Common
980,magazine,Born to Be Bad
981,book,Sydney (Hard Eight)
982,laptop,Fast Lane
983,movie,Supernova
984,movie,Hands of the Ripper
985,magazine,The Land Before Time VI: The Secret of Saurus Rock
986,book,Tristana
987,book,Last Time I Saw Archie, The
988,book,Miracle of Bern, The (Wunder von Bern, Das)
989,laptop,Scout, The
990,charger,Warlords, The (Tau ming chong)
991,laptop,Valhalla
992,charger,Mutantes
993,laptop,Turkish Delight (Turks fruit)
994,book,Mickey One
995,charger,Deathsport
996,magazine,Circle of Deception, A
997,magazine,Lethal Weapon 2
998,book,Coup de torchon (Clean Slate)
999,book,Hotel
1000,movie,Missile to the Moon
